Amino Acid,Average Percentage
A,7.27179937
C,11.10398127
D,4.25025507
E,5.411588859
F,2.872442424
G,8.326323518
H,1.232537364
I,5.006287586
K,6.090831589
L,7.601606648
M,2.221117725
N,5.938412134
P,5.734925071
Q,1.826664136
R,3.650611448
S,6.866841034
T,5.488154107
U,0
V,4.643647374
W,0.160663598
X,0.003084616
Y,4.298225059
Z,0
